file_name;doc_type;source_pdf;source_page
polipol_docs_0001.png;loading_list;20260907153334239.pdf;1
polipol_docs_0002.png;loading_list;20260907153334239.pdf;2
polipol_docs_0003.png;loading_list;20260907153334239.pdf;3
polipol_docs_0004.png;loading_list;20260907153334239.pdf;4
polipol_docs_0005.png;loading_list;20260907153334239.pdf;5
polipol_docs_0006.png;loading_list;20260907153334239.pdf;6
polipol_docs_0007.png;cmr;20260907153334239.pdf;7
polipol_docs_0008.png;cmr;20260907153334239.pdf;8
polipol_docs_0009.png;lieferschein;20260907153334239.pdf;9
polipol_docs_0010.png;lieferschein;20260907153334239.pdf;10
polipol_docs_0011.png;lieferschein;20260907153334239.pdf;11
polipol_docs_0012.png;lieferschein;20260907153334239.pdf;12
polipol_docs_0013.png;lieferschein;20260907153334239.pdf;13
polipol_docs_0014.png;lieferschein;20260907153334239.pdf;14
polipol_docs_0015.png;cmr;20260907153334239.pdf;15
polipol_docs_0016.png;cmr;20260907153334239.pdf;16
polipol_docs_0017.png;lieferschein;20260907153334239.pdf;17
polipol_docs_0018.png;lieferschein;20260907153334239.pdf;18
polipol_docs_0019.png;lieferschein;20260907153334239.pdf;19
polipol_docs_0020.png;lieferschein;20260907153334239.pdf;20
polipol_docs_0021.png;lieferschein;20260907153334239.pdf;21
polipol_docs_0022.png;cmr;20260907153334239.pdf;22
polipol_docs_0023.png;cmr;20260907153334239.pdf;23
polipol_docs_0024.png;cmr;20260907153334239.pdf;24
polipol_docs_0025.png;cmr;20260907153334239.pdf;25
polipol_docs_0026.png;lieferschein;20260907153334239.pdf;26
polipol_docs_0027.png;lieferschein;20260907153334239.pdf;27
polipol_docs_0028.png;lieferschein;20260907153334239.pdf;28
polipol_docs_0029.png;lieferschein;20260907153334239.pdf;29
polipol_docs_0030.png;lieferschein;20260907153334239.pdf;30
polipol_docs_0031.png;lieferschein;20260907153334239.pdf;31
polipol_docs_0032.png;lieferschein;20260907153334239.pdf;32
polipol_docs_0033.png;lieferschein;20260907153334239.pdf;33
polipol_docs_0034.png;lieferschein;20260907153334239.pdf;34
polipol_docs_0035.png;lieferschein;20260907153334239.pdf;35
polipol_docs_0036.png;cmr;20260907153334239.pdf;36
polipol_docs_0037.png;cmr;20260907153334239.pdf;37
polipol_docs_0038.png;cmr;20260907153334239.pdf;38
polipol_docs_0039.png;cmr;20260907153334239.pdf;39
polipol_docs_0040.png;lieferschein;20260907153334239.pdf;40
polipol_docs_0041.png;lieferschein;20260907153334239.pdf;41
polipol_docs_0042.png;lieferschein;20260907153334239.pdf;42
polipol_docs_0043.png;lieferschein;20260907153334239.pdf;43
polipol_docs_0044.png;lieferschein;20260907153334239.pdf;44
polipol_docs_0045.png;lieferschein;20260907153334239.pdf;45
polipol_docs_0046.png;lieferschein;20260907153334239.pdf;46
polipol_docs_0047.png;lieferschein;20260907153334239.pdf;47
polipol_docs_0048.png;cmr;20260907153334239.pdf;48
polipol_docs_0049.png;cmr;20260907153334239.pdf;49
polipol_docs_0050.png;lieferschein;20260907153334239.pdf;50
polipol_docs_0051.png;lieferschein;20260907153334239.pdf;51
polipol_docs_0052.png;cmr;20260907153334239.pdf;52
polipol_docs_0053.png;cmr;20260907153334239.pdf;53
polipol_docs_0054.png;cmr;20260907153334239.pdf;54
polipol_docs_0055.png;cmr;20260907153334239.pdf;55
polipol_docs_0056.png;lieferschein;20260907153334239.pdf;56
polipol_docs_0057.png;lieferschein;20260907153334239.pdf;57
polipol_docs_0058.png;lieferschein;20260907153334239.pdf;58
polipol_docs_0059.png;lieferschein;20260907153334239.pdf;59
polipol_docs_0060.png;lieferschein;20260907153334239.pdf;60
polipol_docs_0061.png;lieferschein;20260907153334239.pdf;61
polipol_docs_0062.png;lieferschein;20260907153334239.pdf;62
polipol_docs_0063.png;lieferschein;20260907153334239.pdf;63
polipol_docs_0064.png;lieferschein;20260907153334239.pdf;64
polipol_docs_0065.png;lieferschein;20260907153334239.pdf;65
polipol_docs_0066.png;lieferschein;20260907153334239.pdf;66
polipol_docs_0067.png;lieferschein;20260907153334239.pdf;67
polipol_docs_0068.png;lieferschein;20260907153334239.pdf;68
polipol_docs_0069.png;cmr;20260907153334239.pdf;69
polipol_docs_0070.png;cmr;20260907153334239.pdf;70
polipol_docs_0071.png;lieferschein;20260907153334239.pdf;71
polipol_docs_0072.png;cmr;20260907153334239.pdf;72
polipol_docs_0073.png;cmr;20260907153334239.pdf;73
polipol_docs_0074.png;lieferschein;20260907153334239.pdf;74
polipol_docs_0075.png;cmr;20260907153334239.pdf;75
polipol_docs_0076.png;cmr;20260907153334239.pdf;76
polipol_docs_0077.png;lieferschein;20260907153334239.pdf;77
polipol_docs_0078.png;lieferschein;20260907153334239.pdf;78
polipol_docs_0079.png;lieferschein;20260907153334239.pdf;79